{
  "name": "root",
  "total": 65.9849928,
  "count": 1,
  "self": 24.87014400000013,
  "children": [
    {
      "name": "TrainerController.advance",
      "total": 41.11484879999987,
      "count": 7434,
      "self": 0.12733700000016057,
      "children": [
        {
          "name": "env_step",
          "total": 40.23500790000036,
          "count": 7434,
          "self": 34.187623000000826,
          "children": [
            {
              "name": "SubprocessEnvManager._take_step",
              "total": 5.951704499999725,
              "count": 7434,
              "self": 0.24380349999975337,
              "children": [
                {
                  "name": "PPOPolicy.evaluate",
                  "total": 5.707900999999971,
                  "count": 7434,
                  "self": 5.707900999999971
                }
              ]
            },
            {
              "name": "workers",
              "total": 0.09568039999980726,
              "count": 7433,
              "self": 0.0,
              "children": [
                {
                  "name": "worker_root",
                  "total": 64.40319389999998,
                  "count": 7433,
                  "is_parallel": true,
                  "self": 37.076232799999985,
                  "children": [
                    {
                      "name": "batched_step_result_from_proto",
                      "total": 0.00044910000000086825,
                      "count": 1,
                      "is_parallel": true,
                      "self": 0.0001737999999988915,
                      "children": [
                        {
                          "name": "_process_vector_observation",
                          "total": 0.00027530000000197674,
                          "count": 2,
                          "is_parallel": true,
                          "self": 0.00027530000000197674
                        }
                      ]
                    },
                    {
                      "name": "UnityEnvironment.step",
                      "total": 27.326511999999987,
                      "count": 7433,
                      "is_parallel": true,
                      "self": 0.5949796999992891,
                      "children": [
                        {
                          "name": "UnityEnvironment._generate_step_input",
                          "total": 0.4050597000003826,
                          "count": 7433,
                          "is_parallel": true,
                          "self": 0.4050597000003826
                        },
                        {
                          "name": "communicator.exchange",
                          "total": 24.398811400000085,
                          "count": 7433,
                          "is_parallel": true,
                          "self": 24.398811400000085
                        },
                        {
                          "name": "batched_step_result_from_proto",
                          "total": 1.9276612000002302,
                          "count": 7433,
                          "is_parallel": true,
                          "self": 0.89072290000043,
                          "children": [
                            {
                              "name": "_process_vector_observation",
                              "total": 1.0369382999998003,
                              "count": 14866,
                              "is_parallel": true,
                              "self": 1.0369382999998003
                            }
                          ]
                        }
                      ]
                    }
                  ]
                }
              ]
            }
          ]
        },
        {
          "name": "trainer_advance",
          "total": 0.7525038999993505,
          "count": 7433,
          "self": 0.1910839999989662,
          "children": [
            {
              "name": "process_trajectory",
              "total": 0.5614199000003843,
              "count": 7433,
              "self": 0.5614199000003843
            }
          ]
        }
      ]
    }
  ]
}