Steps,Policy/Entropy,Policy/Learning Rate,Policy/Extrinsic Value Estimate,Environment/Cumulative Reward,Environment/Episode Length,Policy/Extrinsic Reward
10000,1.4189383,0.00029700508,-1.3591338,-1.9176150222981803,76.89565217391305,-1.9176150214660954
20000,1.418394,0.00029101322,-0.8499993,-1.9158142101310214,57.76704545454545,-1.915814213622401
30000,1.4176085,0.0002850135,-0.9880958,-1.7433230993071187,154.0,-1.7433230997952294
