{
  "name": "root",
  "total": 2.1916669,
  "count": 1,
  "self": 2.1916669
}