{
  "name": "root",
  "gauges": [
    {
      "name": "Driver.mean_reward",
      "value": -1.7433230993071187,
      "min": -1.9176150222981803,
      "max": -1.7433230993071187,
      "count": 3
    }
  ],
  "total": 357.2451307,
  "count": 1,
  "self": 20.455744099997844,
  "children": [
    {
      "name": "TrainerController.advance",
      "total": 336.78938660000216,
      "count": 31851,
      "self": 0.5446840000065549,
      "children": [
        {
          "name": "env_step",
          "total": 329.3974309999997,
          "count": 31851,
          "self": 304.1839917999969,
          "children": [
            {
              "name": "SubprocessEnvManager._take_step",
              "total": 24.762106599997487,
              "count": 31851,
              "self": 1.0911242999968351,
              "children": [
                {
                  "name": "PPOPolicy.evaluate",
                  "total": 23.670982300000652,
                  "count": 31851,
                  "self": 23.670982300000652
                }
              ]
            },
            {
              "name": "workers",
              "total": 0.4513326000053084,
              "count": 31850,
              "self": 0.0,
              "children": [
                {
                  "name": "worker_root",
                  "total": 354.4464216999965,
                  "count": 31850,
                  "is_parallel": true,
                  "self": 77.64068169999479,
                  "children": [
                    {
                      "name": "batched_step_result_from_proto",
                      "total": 0.04408389999999862,
                      "count": 1,
                      "is_parallel": true,
                      "self": 0.00010429999999850281,
                      "children": [
                        {
                          "name": "_process_vector_observation",
                          "total": 0.04397960000000012,
                          "count": 1,
                          "is_parallel": true,
                          "self": 0.04397960000000012
                        }
                      ]
                    },
                    {
                      "name": "UnityEnvironment.step",
                      "total": 276.76165610000174,
                      "count": 31850,
                      "is_parallel": true,
                      "self": 2.7283130000092797,
                      "children": [
                        {
                          "name": "UnityEnvironment._generate_step_input",
                          "total": 1.8469223999939288,
                          "count": 31850,
                          "is_parallel": true,
                          "self": 1.8469223999939288
                        },
                        {
                          "name": "communicator.exchange",
                          "total": 267.35104560000383,
                          "count": 31850,
                          "is_parallel": true,
                          "self": 267.35104560000383
                        },
                        {
                          "name": "batched_step_result_from_proto",
                          "total": 4.835375099994652,
                          "count": 31850,
                          "is_parallel": true,
                          "self": 1.6042854999931393,
                          "children": [
                            {
                              "name": "_process_vector_observation",
                              "total": 3.2310896000015124,
                              "count": 31850,
                              "is_parallel": true,
                              "self": 3.2310896000015124
                            }
                          ]
                        }
                      ]
                    }
                  ]
                }
              ]
            }
          ]
        },
        {
          "name": "trainer_advance",
          "total": 6.847271599995899,
          "count": 31850,
          "self": 0.8455745999948405,
          "children": [
            {
              "name": "process_trajectory",
              "total": 2.5760275000010324,
              "count": 31850,
              "self": 2.5760275000010324
            },
            {
              "name": "_update_policy",
              "total": 3.4256695000000263,
              "count": 3,
              "self": 2.3511826999999528,
              "children": [
                {
                  "name": "PPOPolicy.update",
                  "total": 1.0744868000000736,
                  "count": 90,
                  "self": 1.0744868000000736
                }
              ]
            }
          ]
        }
      ]
    }
  ]
}